SET FOREIGN_KEY_CHECKS=0;

DROP TABLE IF EXISTS `bbs_article`;
CREATE TABLE `bbs_article` (
  `aid` int(11) NOT NULL AUTO_INCREMENT,
  `title` varchar(200) NOT NULL,
  `createtime` int(11) NOT NULL,
  `article` mediumtext NOT NULL,
  PRIMARY KEY (`aid`)
) ENGINE=InnoDB AUTO_INCREMENT=16 DEFAULT CHARSET=utf8;

INSERT INTO `bbs_article` VALUES ('1', '呵呵', '1473343169', '<p>哈哈</p>');
INSERT INTO `bbs_article` VALUES ('2', '吼吼', '1473343208', '<p>哈哈哈</p>');
INSERT INTO `bbs_article` VALUES ('3', '发表', '1473389978', '<p>修改博文</p>');
INSERT INTO `bbs_article` VALUES ('5', '世界那么大，我想出去看看', '1473398487', '<p>世界那么小，我要去逛一圈</p>');
INSERT INTO `bbs_article` VALUES ('6', '乌拉拉乌啊啦', '1473398767', '<p>吼吼，杀呀</p>');
INSERT INTO `bbs_article` VALUES ('8', '哈哈哈', '1473400842', '<p>呵呵<br/></p>');
INSERT INTO `bbs_article` VALUES ('10', '标题', '1473418751', '<p>内容太少了</p>');
INSERT INTO `bbs_article` VALUES ('14', 'html修改字体的颜色', '1473489547', '<ol class=\"dp-xml list-paddingleft-2\" style=\"padding: 5px 0px; font-stretch: normal; font-size: 14px; line-height: 1.5; font-family: tahoma, &quot;microsoft yahei&quot;, 微软雅黑; border-left-width: 2px; border-style: none none none solid; border-left-color: rgb(204, 51, 0); color: rgb(92, 92, 92); white-space: pre; margin-bottom: 1px !important; margin-left: 3em !important;\"><li><p><span style=\"margin: 0px; padding: 0px; border: none; color: black;\"><span style=\"margin: 0px; padding: 0px; border: none;\">&lt;!DOCTYPE&nbsp;html</span><span class=\"tag\" style=\"margin: 0px; padding: 0px; border: none; color: rgb(0, 51, 255);\">&gt;</span><span style=\"margin: 0px; padding: 0px; border: none;\">&nbsp;</span></span></p></li><li><p><span style=\"margin: 0px; padding: 0px; border: none; color: black;\"><span class=\"tag\" style=\"margin: 0px; padding: 0px; border: none; color: rgb(0, 51, 255);\">&lt;</span><span class=\"tag-name\" style=\"margin: 0px; padding: 0px; border: none; color: rgb(0, 51, 255);\">html</span><span class=\"tag\" style=\"margin: 0px; padding: 0px; border: none; color: rgb(0, 51, 255);\">&gt;</span><span style=\"margin: 0px; padding: 0px; border: none;\">&nbsp;</span></span></p></li><li><p><span style=\"margin: 0px; padding: 0px; border: none; color: black;\"><span class=\"tag\" style=\"margin: 0px; padding: 0px; border: none; color: rgb(0, 51, 255);\">&lt;</span><span class=\"tag-name\" style=\"margin: 0px; padding: 0px; border: none; color: rgb(0, 51, 255);\">head</span><span class=\"tag\" style=\"margin: 0px; padding: 0px; border: none; color: rgb(0, 51, 255);\">&gt;</span><span style=\"margin: 0px; padding: 0px; border: none;\">&nbsp;</span></span></p></li><li><p><span style=\"margin: 0px; padding: 0px; border: none; color: black;\"><span class=\"tag\" style=\"margin: 0px; padding: 0px; border: none; color: rgb(0, 51, 255);\">&lt;</span><span class=\"tag-name\" style=\"margin: 0px; padding: 0px; border: none; color: rgb(0, 51, 255);\">meta</span><span style=\"margin: 0px; padding: 0px; border: none;\">&nbsp;</span><span class=\"attribute\" style=\"margin: 0px; padding: 0px; border: none; color: red;\">charset</span><span style=\"margin: 0px; padding: 0px; border: none;\">=</span><span class=\"attribute-value\" style=\"margin: 0px; padding: 0px; border: none; color: blue;\">&quot;utf-8&quot;</span><span style=\"margin: 0px; padding: 0px; border: none;\">&nbsp;</span><span class=\"tag\" style=\"margin: 0px; padding: 0px; border: none; color: rgb(0, 51, 255);\">/&gt;</span><span style=\"margin: 0px; padding: 0px; border: none;\">&nbsp;</span></span></p></li><li><p><span style=\"margin: 0px; padding: 0px; border: none; color: black;\"><span class=\"tag\" style=\"margin: 0px; padding: 0px; border: none; color: rgb(0, 51, 255);\">&lt;</span><span class=\"tag-name\" style=\"margin: 0px; padding: 0px; border: none; color: rgb(0, 51, 255);\">title</span><span class=\"tag\" style=\"margin: 0px; padding: 0px; border: none; color: rgb(0, 51, 255);\">&gt;</span><span style=\"margin: 0px; padding: 0px; border: none;\">font字体颜色在线实例&nbsp;DIVCSS5</span><span class=\"tag\" style=\"margin: 0px; padding: 0px; border: none; color: rgb(0, 51, 255);\">&lt;/</span><span class=\"tag-name\" style=\"margin: 0px; padding: 0px; border: none; color: rgb(0, 51, 255);\">title</span><span class=\"tag\" style=\"margin: 0px; padding: 0px; border: none; color: rgb(0, 51, 255);\">&gt;</span><span style=\"margin: 0px; padding: 0px; border: none;\">&nbsp;</span></span></p></li><li><p><span style=\"margin: 0px; padding: 0px; border: none; color: black;\"><span class=\"tag\" style=\"margin: 0px; padding: 0px; border: none; color: rgb(0, 51, 255);\">&lt;/</span><span class=\"tag-name\" style=\"margin: 0px; padding: 0px; border: none; color: rgb(0, 51, 255);\">head</span><span class=\"tag\" style=\"margin: 0px; padding: 0px; border: none; color: rgb(0, 51, 255);\">&gt;</span><span style=\"margin: 0px; padding: 0px; border: none;\">&nbsp;</span></span></p></li><li><p><span style=\"margin: 0px; padding: 0px; border: none; color: black;\"><span class=\"tag\" style=\"margin: 0px; padding: 0px; border: none; color: rgb(0, 51, 255);\">&lt;</span><span class=\"tag-name\" style=\"margin: 0px; padding: 0px; border: none; color: rgb(0, 51, 255);\">body</span><span class=\"tag\" style=\"margin: 0px; padding: 0px; border: none; color: rgb(0, 51, 255);\">&gt;</span><span style=\"margin: 0px; padding: 0px; border: none;\">&nbsp;</span></span></p></li><li><p><span style=\"margin: 0px; padding: 0px; border: none; color: black;\"><span class=\"tag\" style=\"margin: 0px; padding: 0px; border: none; color: rgb(0, 51, 255);\">&lt;</span><span class=\"tag-name\" style=\"margin: 0px; padding: 0px; border: none; color: rgb(0, 51, 255);\">font</span><span style=\"margin: 0px; padding: 0px; border: none;\">&nbsp;</span><span class=\"attribute\" style=\"margin: 0px; padding: 0px; border: none; color: red;\">color</span><span style=\"margin: 0px; padding: 0px; border: none;\">=</span><span class=\"attribute-value\" style=\"margin: 0px; padding: 0px; border: none; color: blue;\">&quot;#FF0000&quot;</span><span class=\"tag\" style=\"margin: 0px; padding: 0px; border: none; color: rgb(0, 51, 255);\">&gt;</span><span style=\"margin: 0px; padding: 0px; border: none;\">我是红色字体</span><span class=\"tag\" style=\"margin: 0px; padding: 0px; border: none; color: rgb(0, 51, 255);\">&lt;/</span><span class=\"tag-name\" style=\"margin: 0px; padding: 0px; border: none; color: rgb(0, 51, 255);\">font</span><span class=\"tag\" style=\"margin: 0px; padding: 0px; border: none; color: rgb(0, 51, 255);\">&gt;</span><span style=\"margin: 0px; padding: 0px; border: none;\">&nbsp;</span></span></p></li><li><p><span style=\"margin: 0px; padding: 0px; border: none; color: black;\"><span class=\"tag\" style=\"margin: 0px; padding: 0px; border: none; color: rgb(0, 51, 255);\">&lt;</span><span class=\"tag-name\" style=\"margin: 0px; padding: 0px; border: none; color: rgb(0, 51, 255);\">table</span><span style=\"margin: 0px; padding: 0px; border: none;\">&nbsp;</span><span class=\"attribute\" style=\"margin: 0px; padding: 0px; border: none; color: red;\">width</span><span style=\"margin: 0px; padding: 0px; border: none;\">=</span><span class=\"attribute-value\" style=\"margin: 0px; padding: 0px; border: none; color: blue;\">&quot;300&quot;</span><span style=\"margin: 0px; padding: 0px; border: none;\">&nbsp;</span><span class=\"attribute\" style=\"margin: 0px; padding: 0px; border: none; color: red;\">border</span><span style=\"margin: 0px; padding: 0px; border: none;\">=</span><span class=\"attribute-value\" style=\"margin: 0px; padding: 0px; border: none; color: blue;\">&quot;1&quot;</span><span class=\"tag\" style=\"margin: 0px; padding: 0px; border: none; color: rgb(0, 51, 255);\">&gt;</span><span style=\"margin: 0px; padding: 0px; border: none;\">&nbsp;</span></span></p></li><li><p><span style=\"margin: 0px; padding: 0px; border: none; color: black;\"><span class=\"tag\" style=\"margin: 0px; padding: 0px; border: none; color: rgb(0, 51, 255);\">&lt;</span><span class=\"tag-name\" style=\"margin: 0px; padding: 0px; border: none; color: rgb(0, 51, 255);\">tr</span><span class=\"tag\" style=\"margin: 0px; padding: 0px; border: none; color: rgb(0, 51, 255);\">&gt;</span><span style=\"margin: 0px; padding: 0px; border: none;\">&nbsp;</span></span></p></li><li><p><span style=\"margin: 0px; padding: 0px; border: none; color: black;\"><span class=\"tag\" style=\"margin: 0px; padding: 0px; border: none; color: rgb(0, 51, 255);\">&lt;</span><span class=\"tag-name\" style=\"margin: 0px; padding: 0px; border: none; color: rgb(0, 51, 255);\">td</span><span class=\"tag\" style=\"margin: 0px; padding: 0px; border: none; color: rgb(0, 51, 255);\">&gt;</span><span class=\"tag\" style=\"margin: 0px; padding: 0px; border: none; color: rgb(0, 51, 255);\">&lt;</span><span class=\"tag-name\" style=\"margin: 0px; padding: 0px; border: none; color: rgb(0, 51, 255);\">font</span><span style=\"margin: 0px; padding: 0px; border: none;\">&nbsp;</span><span class=\"attribute\" style=\"margin: 0px; padding: 0px; border: none; color: red;\">color</span><span style=\"margin: 0px; padding: 0px; border: none;\">=</span><span class=\"attribute-value\" style=\"margin: 0px; padding: 0px; border: none; color: blue;\">&quot;#0000FF&quot;</span><span class=\"tag\" style=\"margin: 0px; padding: 0px; border: none; color: rgb(0, 51, 255);\">&gt;</span><span style=\"margin: 0px; padding: 0px; border: none;\">你好</span><span class=\"tag\" style=\"margin: 0px; padding: 0px; border: none; color: rgb(0, 51, 255);\">&lt;/</span><span class=\"tag-name\" style=\"margin: 0px; padding: 0px; border: none; color: rgb(0, 51, 255);\">font</span><span class=\"tag\" style=\"margin: 0px; padding: 0px; border: none; color: rgb(0, 51, 255);\">&gt;</span><span class=\"tag\" style=\"margin: 0px; padding: 0px; border: none; color: rgb(0, 51, 255);\">&lt;/</span><span class=\"tag-name\" style=\"margin: 0px; padding: 0px; border: none; color: rgb(0, 51, 255);\">td</span><span class=\"tag\" style=\"margin: 0px; padding: 0px; border: none; color: rgb(0, 51, 255);\">&gt;</span><span style=\"margin: 0px; padding: 0px; border: none;\">&nbsp;</span></span></p></li><li><p><span style=\"margin: 0px; padding: 0px; border: none; color: black;\"><span class=\"tag\" style=\"margin: 0px; padding: 0px; border: none; color: rgb(0, 51, 255);\">&lt;</span><span class=\"tag-name\" style=\"margin: 0px; padding: 0px; border: none; color: rgb(0, 51, 255);\">td</span><span class=\"tag\" style=\"margin: 0px; padding: 0px; border: none; color: rgb(0, 51, 255);\">&gt;</span><span style=\"margin: 0px; padding: 0px; border: none;\">DIVCSS5</span><span class=\"tag\" style=\"margin: 0px; padding: 0px; border: none; color: rgb(0, 51, 255);\">&lt;/</span><span class=\"tag-name\" style=\"margin: 0px; padding: 0px; border: none; color: rgb(0, 51, 255);\">td</span><span class=\"tag\" style=\"margin: 0px; padding: 0px; border: none; color: rgb(0, 51, 255);\">&gt;</span><span style=\"margin: 0px; padding: 0px; border: none;\">&nbsp;</span></span></p></li><li><p><span style=\"margin: 0px; padding: 0px; border: none; color: black;\"><span class=\"tag\" style=\"margin: 0px; padding: 0px; border: none; color: rgb(0, 51, 255);\">&lt;/</span><span class=\"tag-name\" style=\"margin: 0px; padding: 0px; border: none; color: rgb(0, 51, 255);\">tr</span><span class=\"tag\" style=\"margin: 0px; padding: 0px; border: none; color: rgb(0, 51, 255);\">&gt;</span><span style=\"margin: 0px; padding: 0px; border: none;\">&nbsp;</span></span></p></li><li><p><span style=\"margin: 0px; padding: 0px; border: none; color: black;\"><span class=\"tag\" style=\"margin: 0px; padding: 0px; border: none; color: rgb(0, 51, 255);\">&lt;/</span><span class=\"tag-name\" style=\"margin: 0px; padding: 0px; border: none; color: rgb(0, 51, 255);\">table</span><span class=\"tag\" style=\"margin: 0px; padding: 0px; border: none; color: rgb(0, 51, 255);\">&gt;</span><span style=\"margin: 0px; padding: 0px; border: none;\">&nbsp;</span></span></p></li><li><p><span style=\"margin: 0px; padding: 0px; border: none; color: black;\"><span class=\"tag\" style=\"margin: 0px; padding: 0px; border: none; color: rgb(0, 51, 255);\">&lt;/</span><span class=\"tag-name\" style=\"margin: 0px; padding: 0px; border: none; color: rgb(0, 51, 255);\">body</span><span class=\"tag\" style=\"margin: 0px; padding: 0px; border: none; color: rgb(0, 51, 255);\">&gt;</span><span style=\"margin: 0px; padding: 0px; border: none;\">&nbsp;</span></span></p></li><li><p><span style=\"margin: 0px; padding: 0px; border: none; color: black;\"><span class=\"tag\" style=\"margin: 0px; padding: 0px; border: none; color: rgb(0, 51, 255);\">&lt;/</span><span class=\"tag-name\" style=\"margin: 0px; padding: 0px; border: none; color: rgb(0, 51, 255);\">html</span><span class=\"tag\" style=\"margin: 0px; padding: 0px; border: none; color: rgb(0, 51, 255);\">&gt;</span><span style=\"margin: 0px; padding: 0px; border: none;\">&nbsp;</span></span></p></li></ol><p><br/></p>');
INSERT INTO `bbs_article` VALUES ('15', 'DIV+CSS结构', '1473645321', '<p>html+css 这是两种不同的语言，我们可以根据不同的用户上传不同的文件，css可以使得界面更加美观</p>');

DROP TABLE IF EXISTS `bbs_replay`;
CREATE TABLE `bbs_replay` (
  `rid` int(11) NOT NULL AUTO_INCREMENT,
  `aid` int(11) NOT NULL,
  `content` mediumtext NOT NULL,
  `createtime` int(11) NOT NULL,
  PRIMARY KEY (`rid`)
) ENGINE=InnoDB DEFAULT CHARSET=utf8;

DROP TABLE IF EXISTS `bbs_reply`;
CREATE TABLE `bbs_reply` (
  `rid` int(11) NOT NULL AUTO_INCREMENT,
  `aid` int(11) NOT NULL,
  `content` mediumtext NOT NULL,
  `createtime` int(11) NOT NULL,
  `replyname` varchar(10) NOT NULL,
  PRIMARY KEY (`rid`)
) ENGINE=InnoDB AUTO_INCREMENT=21 DEFAULT CHARSET=utf8;

INSERT INTO `bbs_reply` VALUES ('4', '10', '<p>时间在流逝</p>', '1473483575', '');
INSERT INTO `bbs_reply` VALUES ('5', '10', '<p>是你是你就是你<img src=\"http://img.baidu.com/hi/tsj/t_0039.gif\"/></p>', '1473484250', '');
INSERT INTO `bbs_reply` VALUES ('6', '10', '<p>平凡的人类啊，你们是怎么出现的，是否向游戏里面的一样，是一段代码，给你一段程序然后就发生了<img src=\"http://img.baidu.com/hi/babycat/C_0016.gif\"/></p>', '1473484532', '');
INSERT INTO `bbs_reply` VALUES ('7', '10', '<p>就是简单的一个判断</p><p><br/></p><p>strlen</p><p><br/></p><p><br/></p>', '1473486279', '');
INSERT INTO `bbs_reply` VALUES ('8', '10', '<p>就是如此真牛</p>', '1473486319', '');
INSERT INTO `bbs_reply` VALUES ('9', '10', '<p>阿凡达</p>', '1473486877', '哈哈哈');
INSERT INTO `bbs_reply` VALUES ('10', '10', '<p>谁是宋缺，我不是<img src=\"http://img.baidu.com/hi/jx2/j_0073.gif\"/></p>', '1473486966', '宋缺');
INSERT INTO `bbs_reply` VALUES ('11', '14', '<p>就是这个样子</p>', '1473489591', '回复一下试试');
INSERT INTO `bbs_reply` VALUES ('12', '14', '<pre class=\"brush:html;toolbar:false\">&lt;html&gt;</pre><p>&nbsp;&nbsp;&nbsp;&nbsp;&lt;head&gt;<br/></p><p><br/></p><p><br/></p><p>&nbsp;&nbsp;&nbsp;&nbsp;&lt;/head&gt;<br/></p><p><br/></p><p>&nbsp;&nbsp;&nbsp;&nbsp;&lt;body&gt;<br/></p><p><br/></p><p><br/></p><p>&nbsp;&nbsp;&nbsp;&nbsp;&lt;/body&gt;<br/></p><p><br/></p><p><br/></p><p>&lt;/html&gt;</p>', '1473489712', 'html');
INSERT INTO `bbs_reply` VALUES ('13', '8', '<p>我是大师兄，我是大湿兄，我是大尸兄，吼吼哈嘿<img src=\"http://img.baidu.com/hi/jx2/j_0061.gif\"/></p>', '1473492173', '堂吉柯德');
INSERT INTO `bbs_reply` VALUES ('14', '5', '<p>阿斯顿萨达<br/></p>', '1473494488', '安徽的时间');
INSERT INTO `bbs_reply` VALUES ('15', '5', '<p><img src=\"http://img.baidu.com/hi/jx2/j_0051.gif\"/></p>', '1473494695', '发光');
INSERT INTO `bbs_reply` VALUES ('16', '14', '<p>哼哼哈嘿</p>', '1473500849', '哼牛');
INSERT INTO `bbs_reply` VALUES ('17', '14', '<p>石头<br/></p>', '1473641941', '蜗牛');
INSERT INTO `bbs_reply` VALUES ('18', '14', '<p>哈喽</p>', '1473641970', '蒙牛');
INSERT INTO `bbs_reply` VALUES ('19', '14', '<p>毒牛奶</p>', '1473642027', '伊利牛奶');
INSERT INTO `bbs_reply` VALUES ('20', '15', '<p>感觉不咋滴啊，没技术也没介绍</p>', '1473645388', '吃草的牛');

DROP TABLE IF EXISTS `bbs_user`;
CREATE TABLE `bbs_user` (
  `uid` int(11) NOT NULL AUTO_INCREMENT,
  `username` varchar(20) NOT NULL,
  `password` varchar(32) NOT NULL,
  `createtime` int(11) NOT NULL,
  PRIMARY KEY (`uid`)
) ENGINE=InnoDB AUTO_INCREMENT=11 DEFAULT CHARSET=utf8;

INSERT INTO `bbs_user` VALUES ('5', '董航宇', '1', '1473319802');
INSERT INTO `bbs_user` VALUES ('6', '吴洋', '123', '1473319881');
INSERT INTO `bbs_user` VALUES ('7', '邢鹏飞', 'a12312', '1473347132');
INSERT INTO `bbs_user` VALUES ('8', '李奇楠', 'a12312', '1473423381');
INSERT INTO `bbs_user` VALUES ('9', '李奇楠', 'a12312', '1473423399');
INSERT INTO `bbs_user` VALUES ('10', '李奇楠', 'a12312', '1473423419')
